{"MPE/val": 7.418816045157139, "CV_std": 0.09043572689313636, "extra_site": [], "_step": 0, "_runtime": 1, "_timestamp": 1620723896}