{"MPE/val": 8.415350398066721, "CV_std": 0.2377183711503903, "_step": 0, "_runtime": 1, "_timestamp": 1619492207}