{"MPE/val": 7.941054169154464, "CV_std": 0.1407793970461864, "_step": 0, "_runtime": 1, "_timestamp": 1619505669}