{"MPE/val": 7.379541570345667, "CV_std": 0.07024407798805998, "mpe_site24": 23.707634715340337, "extra_site": [], "_step": 0, "_runtime": 1, "_timestamp": 1620706958}