{"MPE/val": 7.560356356022848, "CV_std": 0.19689234775837322, "mpe_site24": 26.64953502422261, "extra_site": ["5cd56c17e2acfd2d33b6c161", "5cd56b6ae2acfd2d33b59ccc", "5cd56c17e2acfd2d33b6c19b", "5cd56b89e2acfd2d33b5d75a", "5cd56c21e2acfd2d33b6d398"], "_step": 0, "_runtime": 1, "_timestamp": 1620709821}