{"graph_0": {"_type": "graph-file", "path": "media/graph/graph_0_summary_4878df7a.graph.json", "sha256": "4878df7a79f38c88ef822b60c08e6dc5571f3af29dfdfe3208ca919223b8633f", "size": 3089}, "Loss/val": 16161.1552734375, "Loss/xy": 16161.1552734375, "Loss/floor": 4.1511359214782715, "MPE/val": 165.18618774414062, "epoch": 1, "trainer/global_step": 11, "_step": 1, "_runtime": 4, "_timestamp": 1619479384}