{"MPE/val": 23.73084760737095, "CV_std": 0.17572462844333658, "_step": 0, "_runtime": 1, "_timestamp": 1619945758}