{"MPE/val": 7.479626428959094, "CV_std": 0.157262349230848, "extra_site": ["5cd56865eb294480de7167b6", "5cd56c21e2acfd2d33b6d398", "5cd56b89e2acfd2d33b5d75a", "5cd96a0239e2fc0b4afed11f", "5cd56b96e2acfd2d33b5ef55", "5cd56c01e2acfd2d33b698ba", "5cd56b6ae2acfd2d33b59ccc", "5cd969dd39e2fc0b4afe9ee3", "5cd56b70e2acfd2d33b5a44e", "5cd56bd8e2acfd2d33b66008", "5cdac620e403deddaf467ff9", "5cd56b9be2acfd2d33b5f99e", "5cd56b8de2acfd2d33b5dd26", "5cd56b6ae2acfd2d33b59c90", "5cd56c1ce2acfd2d33b6ca93", "5cd969f539e2fc0b4afebd85", "5cd969ae39e2fc0b4afe68c4", "5cdac61de403deddaf467f48", "5cd56be4e2acfd2d33b66d0e", "5cd56bc4e2acfd2d33b6455c", "5cd969c839e2fc0b4afe7ff1", "5cd56c03e2acfd2d33b69c1f", "5cd56bcbe2acfd2d33b6526b", "5cd56b99e2acfd2d33b5f491", "5cd969d339e2fc0b4afe90f4", "5cdac61ee403deddaf467f6b", "5cd56ba0e2acfd2d33b600ed", "5cdac621e403deddaf468018", "5cd969b539e2fc0b4afe6bf5", "5cd969b839e2fc0b4afe6edc", "5cd56b64e2acfd2d33b5932f", "5cd56bc2e2acfd2d33b64221", "5cd56c0ce2acfd2d33b6ab27", "5cd969fd39e2fc0b4afeca61", "5cd969ed39e2fc0b4afeb295", "5cd56c10e2acfd2d33b6b348", "5cd969f139e2fc0b4afeb794", "5cd969be39e2fc0b4afe732b", "5cd56b91e2acfd2d33b5e4b1", "5cd969b639e2fc0b4afe6db1", "5cd969c739e2fc0b4afe7d60", "5cd56ba5e2acfd2d33b60e03", "5cd56ba1e2acfd2d33b60372", "5cd56ba1e2acfd2d33b603af", "5cd56b8be2acfd2d33b5db68", "5cdac625e403deddaf4680db", "5cdac625e403deddaf4680c9", "5cd969bc39e2fc0b4afe71ad", "5cdac61ee403deddaf467f5c", "5cd56c1ce2acfd2d33b6c8bf", "5cd969d539e2fc0b4afe92f1", "5cd56b89e2acfd2d33b5d61e", "5cd56bade2acfd2d33b61a61", "5cd56b79e2acfd2d33b5b77c", "5cd969c339e2fc0b4afe7775", "5cd56b5ae2acfd2d33b58546", "5cd56b5ae2acfd2d33b58548", "5cd56c0ce2acfd2d33b6acc5", "5cd56bdbe2acfd2d33b663c0", "5cd56c11e2acfd2d33b6b3c8", "5cd56c1ce2acfd2d33b6ca5b", "5cd56c28e2acfd2d33b6d7f3", "5cd969e039e2fc0b4afea1fe", "5cd96a0039e2fc0b4afecf51", "5cd56c16e2acfd2d33b6bd44", "5cd56babe2acfd2d33b61826", "5cd56b77e2acfd2d33b5b310", "5cd56b6be2acfd2d33b59d1f", "5cd56c17e2acfd2d33b6c19b", "5cd969fc39e2fc0b4afec868", "5cd56c1ee2acfd2d33b6ceab", "5cd56bb5e2acfd2d33b62b37", "5cd96a0139e2fc0b4afed076", "5cd56bace2acfd2d33b618fe", "5cd56b70e2acfd2d33b5a552", "5cd56b9be2acfd2d33b5fa9d", "5cd96a0139e2fc0b4afed075", "5cd56c17e2acfd2d33b6c161", "5cdac61de403deddaf467f30"], "_step": 0, "_runtime": 1, "_timestamp": 1620742848}