{"MPE/val": 166.5875054375687, "CV_std": 1.4012654730324527, "_step": 0, "_runtime": 1, "_timestamp": 1619479398}