{"CV_mean": 166.59711378336337, "CV_std": 1.364920502386127, "_step": 0, "_runtime": 1, "_timestamp": 1619479094}