{"MPE/val": 7.393758930770979, "CV_std": 0.19822523973373649, "extra_site": ["5cd56c17e2acfd2d33b6c19b", "5cd56c21e2acfd2d33b6d398", "5cd56b89e2acfd2d33b5d75a", "5cd56b6ae2acfd2d33b59ccc", "5cd56bdbe2acfd2d33b663c0", "5cd969c839e2fc0b4afe7ff1", "5cd56c28e2acfd2d33b6d7f3", "5cd56ba5e2acfd2d33b60e03", "5cd56c17e2acfd2d33b6c161", "5cdac61de403deddaf467f30"], "_step": 0, "_runtime": 1, "_timestamp": 1620729864}