{"MPE/val": 22.576350188359427, "CV_std": 29.1977611776611, "_step": 0, "_runtime": 7, "_timestamp": 1619502808}