{"graph_0": {"_type": "graph-file", "path": "media/graph/graph_0_summary_8db465c4.graph.json", "sha256": "8db465c4ac0236c9722f8eefe8648bba454dc69d49e4518ebd0370533ac28b89", "size": 3078}, "Loss/val": 15638.7783203125, "Loss/xy": 15638.7783203125, "Loss/floor": 5.127659797668457, "MPE/val": 162.32684326171875, "epoch": 34, "trainer/global_step": 174, "_step": 34, "_runtime": 26, "_timestamp": 1618406777}