{"MPE/val": 8.38551567868625, "CV_std": 0.19422714365346283, "_step": 0, "_runtime": 1, "_timestamp": 1619483581}