{"MPE/val": 8.113992345180204, "CV_std": 0.1748585483149412, "_step": 0, "_runtime": 1, "_timestamp": 1619494713}