{"MPE/val": 30.004200007586405, "CV_std": 0.5146374621313358, "_step": 0, "_runtime": 1, "_timestamp": 1619943887}