{"MPE/val": 17.886103182398976, "CV_std": 0.3376176483403537, "_step": 0, "_runtime": 0, "_timestamp": 1619947914}