{"graph_0": {"_type": "graph-file", "path": "media/graph/graph_0_summary_528b8f1f.graph.json", "sha256": "528b8f1f6105ee9b1e8161b8dd9e77c53999f4683f032183e7ffdbb78a3e0d1e", "size": 3078}, "Loss/val": 15637.6953125, "Loss/xy": 15637.6953125, "Loss/floor": 5.127659797668457, "MPE/val": 162.32015991210938, "epoch": 34, "trainer/global_step": 174, "_step": 34, "_runtime": 26, "_timestamp": 1618406950}