{"MPE/val": 22.024578671405237, "CV_std": 29.011198393816176, "extra_site": ["5cd56c17e2acfd2d33b6c19b", "5cd56c21e2acfd2d33b6d398", "5cd56b89e2acfd2d33b5d75a", "5cd56b6ae2acfd2d33b59ccc", "5cd56c17e2acfd2d33b6c161"], "_step": 0, "_runtime": 1, "_timestamp": 1620726786}