{"MPE/val": 8.028610078877634, "CV_std": 0.1463407822217234, "_step": 0, "_runtime": 1, "_timestamp": 1619500031}