{"graph_0": {"_type": "graph-file", "path": "media/graph/graph_0_summary_0bd2f246.graph.json", "sha256": "0bd2f246ef3b4233447887a2a21cd73faefb207bdc02a86c3daf50c5ab65611f", "size": 3089}, "Loss/val": 16158.1552734375, "Loss/xy": 16158.1552734375, "Loss/floor": 4.150964736938477, "MPE/val": 165.1680450439453, "epoch": 1, "trainer/global_step": 11, "_step": 1, "_runtime": 4, "_timestamp": 1619475522}