{"MPE/val": 7.341026225973761, "CV_std": 0.05554925976975659, "mpe_site24": 7.34102622597376, "extra_site": [], "_step": 0, "_runtime": 1, "_timestamp": 1620713980}