{"graph_0": {"_type": "graph-file", "path": "media/graph/graph_0_summary_0d56d954.graph.json", "sha256": "0d56d95481d98dba07f0dc823247e6ae026ef3fff10253c97c30d572d3e86bf5", "size": 3089}, "Loss/val": 16157.408203125, "Loss/xy": 16157.408203125, "Loss/floor": 4.134179592132568, "MPE/val": 165.1643524169922, "epoch": 1, "trainer/global_step": 11, "_step": 1, "_runtime": 5, "_timestamp": 1619478689}