{"graph_0": {"_type": "graph-file", "path": "media/graph/graph_0_summary_915732d4.graph.json", "sha256": "915732d49f83d21c51f9118f6e5e1baea63370d97bd16c3c3dd93bdf32a7c473", "size": 3089}, "Loss/val": 16168.9228515625, "Loss/xy": 16168.9228515625, "Loss/floor": 4.177276611328125, "MPE/val": 165.23223876953125, "epoch": 1, "trainer/global_step": 11, "_step": 1, "_runtime": 4, "_timestamp": 1619479080}