{"MPE/val": 7.394836765245955, "CV_std": 0.08269913581390946, "extra_site": ["5cd56c21e2acfd2d33b6d398", "5cd56b89e2acfd2d33b5d75a", "5cd96a0239e2fc0b4afed11f", "5cd56b6ae2acfd2d33b59ccc", "5cd56b9be2acfd2d33b5f99e", "5cd56bd8e2acfd2d33b66008", "5cd56ba5e2acfd2d33b60e03", "5cdac620e403deddaf467ff9", "5cd56ba1e2acfd2d33b603af", "5cd56b6ae2acfd2d33b59c90", "5cd969f539e2fc0b4afebd85", "5cdac625e403deddaf4680db", "5cd969ae39e2fc0b4afe68c4", "5cdac625e403deddaf4680c9", "5cdac61de403deddaf467f48", "5cdac61ee403deddaf467f5c", "5cd969c839e2fc0b4afe7ff1", "5cd969d539e2fc0b4afe92f1", "5cd56c03e2acfd2d33b69c1f", "5cd56b89e2acfd2d33b5d61e", "5cd56bade2acfd2d33b61a61", "5cd969d339e2fc0b4afe90f4", "5cd56b99e2acfd2d33b5f491", "5cdac61ee403deddaf467f6b", "5cdac621e403deddaf468018", "5cd56b5ae2acfd2d33b58548", "5cd56b64e2acfd2d33b5932f", "5cd56bdbe2acfd2d33b663c0", "5cd56c28e2acfd2d33b6d7f3", "5cd969e039e2fc0b4afea1fe", "5cd56c16e2acfd2d33b6bd44", "5cdac61de403deddaf467f30", "5cd56b6be2acfd2d33b59d1f", "5cd56c17e2acfd2d33b6c19b", "5cd56c1ee2acfd2d33b6ceab", "5cd96a0139e2fc0b4afed075", "5cd56c17e2acfd2d33b6c161", "5cd969dd39e2fc0b4afe9ee3", "5cd56b91e2acfd2d33b5e4b1"], "_step": 0, "_runtime": 1, "_timestamp": 1620737330}