{"MPE/val": 7.46757388132923, "CV_std": 0.0713846987849176, "extra_site": ["5cdac622e403deddaf46805a", "5cd56865eb294480de7167b6", "5cdac626e403deddaf4680f4", "5cd56b96e2acfd2d33b5ef55", "5cd56c01e2acfd2d33b698ba", "5cdac625e403deddaf4680e6", "5cd56b70e2acfd2d33b5a44e", "5cd56bd8e2acfd2d33b66008", "5cdac620e403deddaf467ff9", "5cd56b6ae2acfd2d33b59c90", "5cd969f539e2fc0b4afebd85", "5cd969ae39e2fc0b4afe68c4", "5cd56c18e2acfd2d33b6c321", "5cd969e439e2fc0b4afea869", "5cd56be4e2acfd2d33b66d0e", "5cd56bc4e2acfd2d33b6455c", "5cd969c839e2fc0b4afe7ff1", "5cd56c03e2acfd2d33b69c1f", "5cd56bcbe2acfd2d33b6526b", "5cd56b99e2acfd2d33b5f491", "5cd969d339e2fc0b4afe90f4", "5cd56bb9e2acfd2d33b633ea", "5cd56ba0e2acfd2d33b600ed", "5cdac621e403deddaf468018", "5cd969b839e2fc0b4afe6edc", "5cd56b64e2acfd2d33b5932f", "5cd56b5ae2acfd2d33b5854a", "5cd56bc2e2acfd2d33b64221", "5cd969ae39e2fc0b4afe68c3", "5cdac626e403deddaf46810d", "5cd96a0239e2fc0b4afed11e", "5cd56c0ce2acfd2d33b6ab27", "5cdac622e403deddaf46803a", "5cd969ad39e2fc0b4afe67ec", "5cd969fd39e2fc0b4afeca61", "5cd56babe2acfd2d33b617e3", "5cd56bbde2acfd2d33b639b4", "5cd56c10e2acfd2d33b6b348", "5cd969f139e2fc0b4afeb794", "5cd969be39e2fc0b4afe732b", "5cd56b91e2acfd2d33b5e466", "5cd969b639e2fc0b4afe6db1", "5cdac626e403deddaf4680ef", "5cd56ba1e2acfd2d33b603af", "5cdac625e403deddaf4680db", "5cdac625e403deddaf4680c9", "5cdac61ee403deddaf467f5c", "5cd56c1ce2acfd2d33b6c8bf", "5cd56b6ee2acfd2d33b5a247", "5cd969f339e2fc0b4afebbd0", "5cdac621e403deddaf46800f", "5cd56b5ae2acfd2d33b58548", "5cd56bdbe2acfd2d33b663c0", "5cd56bc2e2acfd2d33b640cc", "5cd56c28e2acfd2d33b6d7f3", "5cd969e039e2fc0b4afea1fe", "5cd56c16e2acfd2d33b6bd44", "5cd56babe2acfd2d33b61826", "5cd56b6be2acfd2d33b59d1f", "5cd56c17e2acfd2d33b6c19b", "5cdac624e403deddaf4680b3", "5cd56bb5e2acfd2d33b62b37", "5cd56bace2acfd2d33b618fe", "5cd56b70e2acfd2d33b5a552", "5cd969c839e2fc0b4afe7ff0", "5cd96a0139e2fc0b4afed075", "5cd56c17e2acfd2d33b6c161", "5cd56bf8e2acfd2d33b689cf", "5cdac61de403deddaf467f30", "5cd56b83e2acfd2d33b5cab0", "5cd56c21e2acfd2d33b6d398", "5cd56b89e2acfd2d33b5d75a", "5cd96a0239e2fc0b4afed11f", "5cd56b6ae2acfd2d33b59ccc", "5cd56b5ae2acfd2d33b58544", "5cdbc652853bc856e89a8694", "5cd56b9be2acfd2d33b5f99e", "5cd56b8de2acfd2d33b5dd26", "5cd56c1ce2acfd2d33b6ca93", "5cd56b96e2acfd2d33b5ef8f", "5cd969ba39e2fc0b4afe6faf", "5cdac61de403deddaf467f48", "5cdac61ee403deddaf467f6b", "5cdac621e403deddaf468026", "5cd969b539e2fc0b4afe6bf5", "5cd56c0ae2acfd2d33b6a8d0", "5cd969bd39e2fc0b4afe727d", "5cd56bd7e2acfd2d33b65f05", "5cdac61fe403deddaf467f91", "5cd56c27e2acfd2d33b6d4c3", "5cd56b96e2acfd2d33b5ef90", "5cdac620e403deddaf467fdb", "5cd969ed39e2fc0b4afeb295", "5cd56b91e2acfd2d33b5e4b1", "5cd56c09e2acfd2d33b6a75b", "5cdac625e403deddaf4680d2", "5cd56bc0e2acfd2d33b63f9b", "5cd56b75e2acfd2d33b5af29", "5cd969be39e2fc0b4afe732d", "5cd969c739e2fc0b4afe7d60", "5cdac620e403deddaf467fc0", "5cd56ba5e2acfd2d33b60e03", "5cd56ba1e2acfd2d33b60372", "5cdac61fe403deddaf467fac", "5cd56b8be2acfd2d33b5db68", "5cd969db39e2fc0b4afe9bc2", "5cd56b9be2acfd2d33b5fa12", "5cd969bc39e2fc0b4afe71ad", "5cd969d539e2fc0b4afe92f1", "5cd56c0ee2acfd2d33b6b000", "5cd56b6ae2acfd2d33b59ccb", "5cd56b89e2acfd2d33b5d61e", "5cd56bade2acfd2d33b61a61", "5cd56b79e2acfd2d33b5b77c", "5cd56be4e2acfd2d33b66da1", "5cd969c339e2fc0b4afe7775", "5cd56b5ae2acfd2d33b58546", "5cd56c0ce2acfd2d33b6acc5", "5cd56c11e2acfd2d33b6b3c8", "5cd56ba1e2acfd2d33b60373", "5cd56c1ce2acfd2d33b6ca5b", "5cd96a0039e2fc0b4afecf51", "5cd969bb39e2fc0b4afe7079", "5cd56b77e2acfd2d33b5b310", "5cd969fc39e2fc0b4afec868", "5cd56c1ee2acfd2d33b6ceab", "5cd96a0139e2fc0b4afed076", "5cd56b9be2acfd2d33b5fa9d", "5cd969dd39e2fc0b4afe9ee3"], "_step": 0, "_runtime": 1, "_timestamp": 1620751499}