{"MPE/val": 14.578443727276408, "CV_std": 0.25061092416115, "_step": 0, "_runtime": 2, "_timestamp": 1619950538}