{"graph_0": {"_type": "graph-file", "path": "media/graph/graph_0_summary_5c3267bc.graph.json", "sha256": "5c3267bc8c6cf8b47ef20c7691d1130ce1349d080ebca5570e56f578c39a5b72", "size": 3078}, "Loss/val": 15637.443359375, "Loss/xy": 15637.443359375, "Loss/floor": 5.127659797668457, "MPE/val": 162.31863403320312, "epoch": 34, "trainer/global_step": 174, "_step": 34, "_runtime": 26, "_timestamp": 1618406696}