{"MPE/val": 7.352560114897779, "CV_std": 0.17710238872177028, "extra_site": ["5cd56c21e2acfd2d33b6d398", "5cd56b89e2acfd2d33b5d75a", "5cd56b6ae2acfd2d33b59ccc", "5cd56b9be2acfd2d33b5f99e", "5cd56ba5e2acfd2d33b60e03", "5cd56b6ae2acfd2d33b59c90", "5cdac61de403deddaf467f48", "5cd969c839e2fc0b4afe7ff1", "5cd969d539e2fc0b4afe92f1", "5cd56c03e2acfd2d33b69c1f", "5cd56b89e2acfd2d33b5d61e", "5cdac61ee403deddaf467f6b", "5cd56b64e2acfd2d33b5932f", "5cd56bdbe2acfd2d33b663c0", "5cd56c28e2acfd2d33b6d7f3", "5cdac61de403deddaf467f30", "5cd56b6be2acfd2d33b59d1f", "5cd56c17e2acfd2d33b6c19b", "5cd56c17e2acfd2d33b6c161", "5cd969dd39e2fc0b4afe9ee3"], "_step": 0, "_runtime": 1, "_timestamp": 1620733177}