{"graph_0": {"_type": "graph-file", "path": "media/graph/graph_0_summary_12794609.graph.json", "sha256": "127946092af2a3fe0b910a43f58242aca5060a1b360c5a8ff18306c964b1ccb5", "size": 3089}, "Loss/val": 16523.2890625, "Loss/xy": 16523.2890625, "Loss/floor": 5.2017011642456055, "MPE/val": 167.1531524658203, "epoch": 1, "trainer/global_step": 9, "_step": 1, "_runtime": 4, "_timestamp": 1620716251}