{"MPE/val": 8.142292682838027, "CV_std": 0.1786712778428408, "_step": 0, "_runtime": 1, "_timestamp": 1619497298}